﻿{
   "CodeGenerationMode": 2,
   "ContextClassName": "ExamDB",
   "ContextNamespace": null,
   "DefaultDacpacSchema": null,
   "FilterSchemas": false,
   "IncludeConnectionString": true,
   "ModelNamespace": null,
   "OutputContextPath": null,
   "OutputPath": "Models",
   "PreserveCasingWithRegex": true,
   "ProjectRootNamespace": "ExamnationSystem00",
   "Schemas": null,
   "SelectedHandlebarsLanguage": 0,
   "SelectedToBeGenerated": 0,
   "Tables": [
      {
         "Name": "[dbo].[Answers]",
         "ObjectType": 0
      },
      {
         "Name": "[dbo].[Courses]",
         "ObjectType": 0
      },
      {
         "Name": "[dbo].[Departments]",
         "ObjectType": 0
      },
      {
         "Name": "[dbo].[DeptCrs]",
         "ObjectType": 0
      },
      {
         "Name": "[dbo].[Exams]",
         "ObjectType": 0
      },
      {
         "Name": "[dbo].[InsCrs]",
         "ObjectType": 0
      },
      {
         "Name": "[dbo].[InsDept]",
         "ObjectType": 0
      },
      {
         "Name": "[dbo].[Instructors]",
         "ObjectType": 0
      },
      {
         "Name": "[dbo].[lookup_country]",
         "ObjectType": 0
      },
      {
         "Name": "[dbo].[QuesOption]",
         "ObjectType": 0
      },
      {
         "Name": "[dbo].[Questions]",
         "ObjectType": 0
      },
      {
         "Name": "[dbo].[StCourse]",
         "ObjectType": 0
      },
      {
         "Name": "[dbo].[Students]",
         "ObjectType": 0
      },
      {
         "Name": "[dbo].[Topics]",
         "ObjectType": 0
      },
      {
         "Name": "[dbo].[Grades]",
         "ObjectType": 3
      },
      {
         "Name": "[dbo].[instructorcourses]",
         "ObjectType": 3
      },
      {
         "Name": "[dbo].[AddCourse]",
         "ObjectType": 1
      },
      {
         "Name": "[dbo].[AddDepartment]",
         "ObjectType": 1
      },
      {
         "Name": "[dbo].[AddDeptCrs]",
         "ObjectType": 1
      },
      {
         "Name": "[dbo].[AddStCourse]",
         "ObjectType": 1
      },
      {
         "Name": "[dbo].[AddStudent]",
         "ObjectType": 1
      },
      {
         "Name": "[dbo].[AddTopic]",
         "ObjectType": 1
      },
      {
         "Name": "[dbo].[allInsCrsSelect]",
         "ObjectType": 1
      },
      {
         "Name": "[dbo].[allInsDeptSelect]",
         "ObjectType": 1
      },
      {
         "Name": "[dbo].[allInsSelect]",
         "ObjectType": 1
      },
      {
         "Name": "[dbo].[CourseInsSelect]",
         "ObjectType": 1
      },
      {
         "Name": "[dbo].[CrsNameSelect]",
         "ObjectType": 1
      },
      {
         "Name": "[dbo].[DelCourse]",
         "ObjectType": 1
      },
      {
         "Name": "[dbo].[DeleteCourse]",
         "ObjectType": 1
      },
      {
         "Name": "[dbo].[DeleteCourseTopics]",
         "ObjectType": 1
      },
      {
         "Name": "[dbo].[DeleteDepartment]",
         "ObjectType": 1
      },
      {
         "Name": "[dbo].[DeleteDeptCrs]",
         "ObjectType": 1
      },
      {
         "Name": "[dbo].[DeleteExam]",
         "ObjectType": 1
      },
      {
         "Name": "[dbo].[DeleteOption]",
         "ObjectType": 1
      },
      {
         "Name": "[dbo].[DeleteQues]",
         "ObjectType": 1
      },
      {
         "Name": "[dbo].[DeleteStCourse]",
         "ObjectType": 1
      },
      {
         "Name": "[dbo].[DeleteStudent]",
         "ObjectType": 1
      },
      {
         "Name": "[dbo].[DeleteTopic]",
         "ObjectType": 1
      },
      {
         "Name": "[dbo].[DeptInsSelect]",
         "ObjectType": 1
      },
      {
         "Name": "[dbo].[DeptMangersSelect]",
         "ObjectType": 1
      },
      {
         "Name": "[dbo].[ExamQuestion]",
         "ObjectType": 1
      },
      {
         "Name": "[dbo].[ExamResult]",
         "ObjectType": 1
      },
      {
         "Name": "[dbo].[GenerateExam]",
         "ObjectType": 1
      },
      {
         "Name": "[dbo].[GetDept_Students]",
         "ObjectType": 1
      },
      {
         "Name": "[dbo].[Gradess]",
         "ObjectType": 1
      },
      {
         "Name": "[dbo].[inscourses]",
         "ObjectType": 1
      },
      {
         "Name": "[dbo].[InsCrsDelete]",
         "ObjectType": 1
      },
      {
         "Name": "[dbo].[InsCrsInsert]",
         "ObjectType": 1
      },
      {
         "Name": "[dbo].[InsCrsName2]",
         "ObjectType": 1
      },
      {
         "Name": "[dbo].[InsCrsSelect]",
         "ObjectType": 1
      },
      {
         "Name": "[dbo].[InsCrsUpdate]",
         "ObjectType": 1
      },
      {
         "Name": "[dbo].[InsDelete]",
         "ObjectType": 1
      },
      {
         "Name": "[dbo].[InsDeptDelete]",
         "ObjectType": 1
      },
      {
         "Name": "[dbo].[InsDeptInsert]",
         "ObjectType": 1
      },
      {
         "Name": "[dbo].[InsDeptSelect]",
         "ObjectType": 1
      },
      {
         "Name": "[dbo].[InsDeptUpdate]",
         "ObjectType": 1
      },
      {
         "Name": "[dbo].[InsInsert]",
         "ObjectType": 1
      },
      {
         "Name": "[dbo].[InsNameUpdate]",
         "ObjectType": 1
      },
      {
         "Name": "[dbo].[InsOption]",
         "ObjectType": 1
      },
      {
         "Name": "[dbo].[InsPassUpdate]",
         "ObjectType": 1
      },
      {
         "Name": "[dbo].[InsPhonUpdate]",
         "ObjectType": 1
      },
      {
         "Name": "[dbo].[InsQues]",
         "ObjectType": 1
      },
      {
         "Name": "[dbo].[InsSalaryUpdate]",
         "ObjectType": 1
      },
      {
         "Name": "[dbo].[InsSelect]",
         "ObjectType": 1
      },
      {
         "Name": "[dbo].[MCQues]",
         "ObjectType": 1
      },
      {
         "Name": "[dbo].[QuesCorrection]",
         "ObjectType": 1
      },
      {
         "Name": "[dbo].[SaveExamInfo]",
         "ObjectType": 1
      },
      {
         "Name": "[dbo].[SaveOneAnswer]",
         "ObjectType": 1
      },
      {
         "Name": "[dbo].[SelcCourse]",
         "ObjectType": 1
      },
      {
         "Name": "[dbo].[selcOpt]",
         "ObjectType": 1
      },
      {
         "Name": "[dbo].[SelcQues]",
         "ObjectType": 1
      },
      {
         "Name": "[dbo].[SelectallStudent]",
         "ObjectType": 1
      },
      {
         "Name": "[dbo].[SelectCoursebasedonHours]",
         "ObjectType": 1
      },
      {
         "Name": "[dbo].[SelectCourseExams]",
         "ObjectType": 1
      },
      {
         "Name": "[dbo].[SelectCourseTopic]",
         "ObjectType": 1
      },
      {
         "Name": "[dbo].[SelectDepartments_DeptID]",
         "ObjectType": 1
      },
      {
         "Name": "[dbo].[SelectDepartments]",
         "ObjectType": 1
      },
      {
         "Name": "[dbo].[SelectDeptCourse_CrsID]",
         "ObjectType": 1
      },
      {
         "Name": "[dbo].[SelectDeptCourse_DeptID_CrsID]",
         "ObjectType": 1
      },
      {
         "Name": "[dbo].[SelectDeptCourse_DeptID]",
         "ObjectType": 1
      },
      {
         "Name": "[dbo].[SelectDeptCourse]",
         "ObjectType": 1
      },
      {
         "Name": "[dbo].[SelectExams]",
         "ObjectType": 1
      },
      {
         "Name": "[dbo].[SelectStCourse_CrsID]",
         "ObjectType": 1
      },
      {
         "Name": "[dbo].[SelectStCourse_SSN_CrsID]",
         "ObjectType": 1
      },
      {
         "Name": "[dbo].[SelectStCourse_SSN]",
         "ObjectType": 1
      },
      {
         "Name": "[dbo].[SelectStCourse]",
         "ObjectType": 1
      },
      {
         "Name": "[dbo].[SelectStudent_SSN]",
         "ObjectType": 1
      },
      {
         "Name": "[dbo].[SelectTopics]",
         "ObjectType": 1
      },
      {
         "Name": "[dbo].[StuAnswers]",
         "ObjectType": 1
      },
      {
         "Name": "[dbo].[StudenResults]",
         "ObjectType": 1
      },
      {
         "Name": "[dbo].[TFQues]",
         "ObjectType": 1
      },
      {
         "Name": "[dbo].[UpadateDepartments]",
         "ObjectType": 1
      },
      {
         "Name": "[dbo].[UpdateCourse]",
         "ObjectType": 1
      },
      {
         "Name": "[dbo].[UpdateCourseHours]",
         "ObjectType": 1
      },
      {
         "Name": "[dbo].[UpdateDeptCourse]",
         "ObjectType": 1
      },
      {
         "Name": "[dbo].[UpdateExam]",
         "ObjectType": 1
      },
      {
         "Name": "[dbo].[UpdateStCourse]",
         "ObjectType": 1
      },
      {
         "Name": "[dbo].[UpdateStudentGYear]",
         "ObjectType": 1
      },
      {
         "Name": "[dbo].[UpdateStudentName]",
         "ObjectType": 1
      },
      {
         "Name": "[dbo].[UpdateStudentPassword]",
         "ObjectType": 1
      },
      {
         "Name": "[dbo].[UpdateStudentPhoneNum]",
         "ObjectType": 1
      },
      {
         "Name": "[dbo].[UpdateTopic]",
         "ObjectType": 1
      },
      {
         "Name": "[dbo].[UpdateTopicc]",
         "ObjectType": 1
      },
      {
         "Name": "[dbo].[UpdCrsID]",
         "ObjectType": 1
      },
      {
         "Name": "[dbo].[UpdOptions]",
         "ObjectType": 1
      },
      {
         "Name": "[dbo].[UpdQuesA]",
         "ObjectType": 1
      },
      {
         "Name": "[dbo].[UpdQuesC]",
         "ObjectType": 1
      },
      {
         "Name": "[dbo].[UpdQuesT]",
         "ObjectType": 1
      }
   ],
   "UiHint": "NADA.ExamSystem",
   "UseBoolPropertiesWithoutDefaultSql": false,
   "UseDatabaseNames": false,
   "UseDbContextSplitting": false,
   "UseFluentApiOnly": true,
   "UseHandleBars": false,
   "UseHierarchyId": false,
   "UseInflector": false,
   "UseLegacyPluralizer": false,
   "UseManyToManyEntity": false,
   "UseNoConstructor": false,
   "UseNoDefaultConstructor": false,
   "UseNoNavigations": false,
   "UseNoObjectFilter": false,
   "UseNodaTime": false,
   "UseNullableReferences": false,
   "UseSchemaFolders": false,
   "UseSpatial": false,
   "UseT4": false
}